Darts,mradtke,ddixon,A
Darts,mradtke,rlouka,A
Darts,mradtke,jdixon,A
Darts,mradtke,jpearson,A
Darts,ddixon,rlouka,A
Darts,ddixon,jdixon,A
Darts,ddixon,jpearson,A
Darts,rlouka,jdixon,A
Darts,rlouka,jpearson,A
Darts,jdixon,jpearson,A
Darts,ktornetta,grogers,B
Darts,ktornetta,dmurphy,B
Darts,ktornetta,lbench,B
Darts,ktornetta,jbeltran,B
Darts,grogers,dmurphy,B
Darts,grogers,lbench,B
Darts,grogers,jbeltran,B
Darts,dmurphy,lbench,B
Darts,dmurphy,jbeltran,B
Darts,lbench,jbeltran,B
Foosball,grogers,mradtke,A
Foosball,grogers,ddixon,A
Foosball,grogers,lbench,A
Foosball,grogers,ktornetta,A
Foosball,mradtke,ddixon,A
Foosball,mradtke,lbench,A
Foosball,mradtke,ktornetta,A
Foosball,ddixon,lbench,A
Foosball,ddixon,ktornetta,A
Foosball,lbench,ktornetta,A
Foosball,rlouka,jdixon,B
Foosball,rlouka,jpearson,B
Foosball,rlouka,dmurphy,B
Foosball,rlouka,jbeltran,B
Foosball,jdixon,jpearson,B
Foosball,jdixon,dmurphy,B
Foosball,jdixon,jbeltran,B
Foosball,jpearson,dmurphy,B
Foosball,jpearson,jbeltran,B
Foosball,dmurphy,jbeltran,B
Shuffleboard,jdixon,ddixon,A
Shuffleboard,jdixon,grogers,A
Shuffleboard,jdixon,lbench,A
Shuffleboard,jdixon,jpearson,A
Shuffleboard,ddixon,grogers,A
Shuffleboard,ddixon,lbench,A
Shuffleboard,ddixon,jpearson,A
Shuffleboard,grogers,lbench,A
Shuffleboard,grogers,jpearson,A
Shuffleboard,lbench,jpearson,A
Shuffleboard,dmurphy,rlouka,B
Shuffleboard,dmurphy,mradtke,B
Shuffleboard,dmurphy,ktornetta,B
Shuffleboard,dmurphy,jbeltran,B
Shuffleboard,rlouka,mradtke,B
Shuffleboard,rlouka,ktornetta,B
Shuffleboard,rlouka,jbeltran,B
Shuffleboard,mradtke,ktornetta,B
Shuffleboard,mradtke,jbeltran,B
Shuffleboard,ktornetta,jbeltran,B
Pool,dmurphy,ktornetta,A
Pool,dmurphy,mradtke,A
Pool,dmurphy,rlouka,A
Pool,dmurphy,jpearson,A
Pool,ktornetta,mradtke,A
Pool,ktornetta,rlouka,A
Pool,ktornetta,jpearson,A
Pool,mradtke,rlouka,A
Pool,mradtke,jpearson,A
Pool,rlouka,jpearson,A
Pool,ddixon,grogers,B
Pool,ddixon,lbench,B
Pool,ddixon,jdixon,B
Pool,ddixon,jbeltran,B
Pool,grogers,lbench,B
Pool,grogers,jdixon,B
Pool,grogers,jbeltran,B
Pool,lbench,jdixon,B
Pool,lbench,jbeltran,B
Pool,jdixon,jbeltran,B
Ping Pong,grogers,dmurphy,A
Ping Pong,grogers,jdixon,A
Ping Pong,grogers,mradtke,A
Ping Pong,grogers,jpearson,A
Ping Pong,dmurphy,jdixon,A
Ping Pong,dmurphy,mradtke,A
Ping Pong,dmurphy,jpearson,A
Ping Pong,jdixon,mradtke,A
Ping Pong,jdixon,jpearson,A
Ping Pong,mradtke,jpearson,A
Ping Pong,rlouka,ddixon,B
Ping Pong,rlouka,ktornetta,B
Ping Pong,rlouka,lbench,B
Ping Pong,rlouka,jbeltran,B
Ping Pong,ddixon,ktornetta,B
Ping Pong,ddixon,lbench,B
Ping Pong,ddixon,jbeltran,B
Ping Pong,ktornetta,lbench,B
Ping Pong,ktornetta,jbeltran,B
Ping Pong,lbench,jbeltran,B